prop_name,iva_count,instance_count,ivas
PanelDivider,16,1505,DE_cupolaInternal; DE_KV1_ASET_IVA_Internal; DE_KV2_ASET_IVA_Internal; DE_KV3_ASET_IVA_Internal; DE_landerCabinSmallInternal; DE_MEM_ASET_IVA_Internal; DE_MissionControl; DE_Mk1-3; DE_mk1CockpitInternal; DE_mk1InlineInternal; DE_mk1pod_IVA; DE_mk2CockpitStandardInternals; DE_mk2InlineInternal; DE_mk2LanderCanInternal; DE_MK2POD_ASET_IVA_Internal; DE_MK3_Cockpit_Int
Primitive_BOX_Beveled_Black,16,308,DE_cupolaInternal; DE_KV1_ASET_IVA_Internal; DE_KV2_ASET_IVA_Internal; DE_KV3_ASET_IVA_Internal; DE_landerCabinSmallInternal; DE_MEM_ASET_IVA_Internal; DE_MissionControl; DE_Mk1-3; DE_mk1CockpitInternal; DE_mk1InlineInternal; DE_mk1pod_IVA; DE_mk2CockpitStandardInternals; DE_mk2InlineInternal; DE_mk2LanderCanInternal; DE_MK2POD_ASET_IVA_Internal; DE_MK3_Cockpit_Int
MasterAlarm,16,21,DE_cupolaInternal; DE_KV1_ASET_IVA_Internal; DE_KV2_ASET_IVA_Internal; DE_KV3_ASET_IVA_Internal; DE_landerCabinSmallInternal; DE_MEM_ASET_IVA_Internal; DE_MissionControl; DE_Mk1-3; DE_mk1CockpitInternal; DE_mk1InlineInternal; DE_mk1pod_IVA; DE_mk2CockpitStandardInternals; DE_mk2InlineInternal; DE_mk2LanderCanInternal; DE_MK2POD_ASET_IVA_Internal; DE_MK3_Cockpit_Int
Lable_ATTITUDE,16,20,DE_cupolaInternal; DE_KV1_ASET_IVA_Internal; DE_KV2_ASET_IVA_Internal; DE_KV3_ASET_IVA_Internal; DE_landerCabinSmallInternal; DE_MEM_ASET_IVA_Internal; DE_MissionControl; DE_Mk1-3; DE_mk1CockpitInternal; DE_mk1InlineInternal; DE_mk1pod_IVA; DE_mk2CockpitStandardInternals; DE_mk2InlineInternal; DE_mk2LanderCanInternal; DE_MK2POD_ASET_IVA_Internal; DE_MK3_Cockpit_Int
pb_INPUT_CTRL-SH02-B5,16,20,DE_cupolaInternal; DE_KV1_ASET_IVA_Internal; DE_KV2_ASET_IVA_Internal; DE_KV3_ASET_IVA_Internal; DE_landerCabinSmallInternal; DE_MEM_ASET_IVA_Internal; DE_MissionControl; DE_Mk1-3; DE_mk1CockpitInternal; DE_mk1InlineInternal; DE_mk1pod_IVA; DE_mk2CockpitStandardInternals; DE_mk2InlineInternal; DE_mk2LanderCanInternal; DE_MK2POD_ASET_IVA_Internal; DE_MK3_Cockpit_Int
pb_RCS-SH02-B6-C2,16,20,DE_cupolaInternal; DE_KV1_ASET_IVA_Internal; DE_KV2_ASET_IVA_Internal; DE_KV3_ASET_IVA_Internal; DE_landerCabinSmallInternal; DE_MEM_ASET_IVA_Internal; DE_MissionControl; DE_Mk1-3; DE_mk1CockpitInternal; DE_mk1InlineInternal; DE_mk1pod_IVA; DE_mk2CockpitStandardInternals; DE_mk2InlineInternal; DE_mk2LanderCanInternal; DE_MK2POD_ASET_IVA_Internal; DE_MK3_Cockpit_Int
pb_sas_ANTINORMAL-FD2-G1,16,20,DE_cupolaInternal; DE_KV1_ASET_IVA_Internal; DE_KV2_ASET_IVA_Internal; DE_KV3_ASET_IVA_Internal; DE_landerCabinSmallInternal; DE_MEM_ASET_IVA_Internal; DE_MissionControl; DE_Mk1-3; DE_mk1CockpitInternal; DE_mk1InlineInternal; DE_mk1pod_IVA; DE_mk2CockpitStandardInternals; DE_mk2InlineInternal; DE_mk2LanderCanInternal; DE_MK2POD_ASET_IVA_Internal; DE_MK3_Cockpit_Int
pb_sas_ANTITARGET-FD2-G1,16,20,DE_cupolaInternal; DE_KV1_ASET_IVA_Internal; DE_KV2_ASET_IVA_Internal; DE_KV3_ASET_IVA_Internal; DE_landerCabinSmallInternal; DE_MEM_ASET_IVA_Internal; DE_MissionControl; DE_Mk1-3; DE_mk1CockpitInternal; DE_mk1InlineInternal; DE_mk1pod_IVA; DE_mk2CockpitStandardInternals; DE_mk2InlineInternal; DE_mk2LanderCanInternal; DE_MK2POD_ASET_IVA_Internal; DE_MK3_Cockpit_Int
pb_sas_MANEUVER-FD2-G1,16,20,DE_cupolaInternal; DE_KV1_ASET_IVA_Internal; DE_KV2_ASET_IVA_Internal; DE_KV3_ASET_IVA_Internal; DE_landerCabinSmallInternal; DE_MEM_ASET_IVA_Internal; DE_MissionControl; DE_Mk1-3; DE_mk1CockpitInternal; DE_mk1InlineInternal; DE_mk1pod_IVA; DE_mk2CockpitStandardInternals; DE_mk2InlineInternal; DE_mk2LanderCanInternal; DE_MK2POD_ASET_IVA_Internal; DE_MK3_Cockpit_Int
pb_sas_NORMAL-FD2-G1,16,20,DE_cupolaInternal; DE_KV1_ASET_IVA_Internal; DE_KV2_ASET_IVA_Internal; DE_KV3_ASET_IVA_Internal; DE_landerCabinSmallInternal; DE_MEM_ASET_IVA_Internal; DE_MissionControl; DE_Mk1-3; DE_mk1CockpitInternal; DE_mk1InlineInternal; DE_mk1pod_IVA; DE_mk2CockpitStandardInternals; DE_mk2InlineInternal; DE_mk2LanderCanInternal; DE_MK2POD_ASET_IVA_Internal; DE_MK3_Cockpit_Int
pb_sas_PROGRADE-FD2-G1,16,20,DE_cupolaInternal; DE_KV1_ASET_IVA_Internal; DE_KV2_ASET_IVA_Internal; DE_KV3_ASET_IVA_Internal; DE_landerCabinSmallInternal; DE_MEM_ASET_IVA_Internal; DE_MissionControl; DE_Mk1-3; DE_mk1CockpitInternal; DE_mk1InlineInternal; DE_mk1pod_IVA; DE_mk2CockpitStandardInternals; DE_mk2InlineInternal; DE_mk2LanderCanInternal; DE_MK2POD_ASET_IVA_Internal; DE_MK3_Cockpit_Int
pb_sas_RADIALIN-FD2-G1,16,20,DE_cupolaInternal; DE_KV1_ASET_IVA_Internal; DE_KV2_ASET_IVA_Internal; DE_KV3_ASET_IVA_Internal; DE_landerCabinSmallInternal; DE_MEM_ASET_IVA_Internal; DE_MissionControl; DE_Mk1-3; DE_mk1CockpitInternal; DE_mk1InlineInternal; DE_mk1pod_IVA; DE_mk2CockpitStandardInternals; DE_mk2InlineInternal; DE_mk2LanderCanInternal; DE_MK2POD_ASET_IVA_Internal; DE_MK3_Cockpit_Int
pb_sas_RADIALOUT-FD2-G1,16,20,DE_cupolaInternal; DE_KV1_ASET_IVA_Internal; DE_KV2_ASET_IVA_Internal; DE_KV3_ASET_IVA_Internal; DE_landerCabinSmallInternal; DE_MEM_ASET_IVA_Internal; DE_MissionControl; DE_Mk1-3; DE_mk1CockpitInternal; DE_mk1InlineInternal; DE_mk1pod_IVA; DE_mk2CockpitStandardInternals; DE_mk2InlineInternal; DE_mk2LanderCanInternal; DE_MK2POD_ASET_IVA_Internal; DE_MK3_Cockpit_Int
pb_sas_RETROGRADE-FD2-G1,16,20,DE_cupolaInternal; DE_KV1_ASET_IVA_Internal; DE_KV2_ASET_IVA_Internal; DE_KV3_ASET_IVA_Internal; DE_landerCabinSmallInternal; DE_MEM_ASET_IVA_Internal; DE_MissionControl; DE_Mk1-3; DE_mk1CockpitInternal; DE_mk1InlineInternal; DE_mk1pod_IVA; DE_mk2CockpitStandardInternals; DE_mk2InlineInternal; DE_mk2LanderCanInternal; DE_MK2POD_ASET_IVA_Internal; DE_MK3_Cockpit_Int
pb_sas_STAB-FD2-G1,16,20,DE_cupolaInternal; DE_KV1_ASET_IVA_Internal; DE_KV2_ASET_IVA_Internal; DE_KV3_ASET_IVA_Internal; DE_landerCabinSmallInternal; DE_MEM_ASET_IVA_Internal; DE_MissionControl; DE_Mk1-3; DE_mk1CockpitInternal; DE_mk1InlineInternal; DE_mk1pod_IVA; DE_mk2CockpitStandardInternals; DE_mk2InlineInternal; DE_mk2LanderCanInternal; DE_MK2POD_ASET_IVA_Internal; DE_MK3_Cockpit_Int
pb_sas_TARGET-FD2-G1,16,20,DE_cupolaInternal; DE_KV1_ASET_IVA_Internal; DE_KV2_ASET_IVA_Internal; DE_KV3_ASET_IVA_Internal; DE_landerCabinSmallInternal; DE_MEM_ASET_IVA_Internal; DE_MissionControl; DE_Mk1-3; DE_mk1CockpitInternal; DE_mk1InlineInternal; DE_mk1pod_IVA; DE_mk2CockpitStandardInternals; DE_mk2InlineInternal; DE_mk2LanderCanInternal; DE_MK2POD_ASET_IVA_Internal; DE_MK3_Cockpit_Int
SwitchRotary_SAS_SpeedMode_Selector-01,16,20,DE_cupolaInternal; DE_KV1_ASET_IVA_Internal; DE_KV2_ASET_IVA_Internal; DE_KV3_ASET_IVA_Internal; DE_landerCabinSmallInternal; DE_MEM_ASET_IVA_Internal; DE_MissionControl; DE_Mk1-3; DE_mk1CockpitInternal; DE_mk1InlineInternal; DE_mk1pod_IVA; DE_mk2CockpitStandardInternals; DE_mk2InlineInternal; DE_mk2LanderCanInternal; DE_MK2POD_ASET_IVA_Internal; DE_MK3_Cockpit_Int
Lable_ACTIONS,16,19,DE_cupolaInternal; DE_KV1_ASET_IVA_Internal; DE_KV2_ASET_IVA_Internal; DE_KV3_ASET_IVA_Internal; DE_landerCabinSmallInternal; DE_MEM_ASET_IVA_Internal; DE_MissionControl; DE_Mk1-3; DE_mk1CockpitInternal; DE_mk1InlineInternal; DE_mk1pod_IVA; DE_mk2CockpitStandardInternals; DE_mk2InlineInternal; DE_mk2LanderCanInternal; DE_MK2POD_ASET_IVA_Internal; DE_MK3_Cockpit_Int
pb_AG01-F03-G1,16,19,DE_cupolaInternal; DE_KV1_ASET_IVA_Internal; DE_KV2_ASET_IVA_Internal; DE_KV3_ASET_IVA_Internal; DE_landerCabinSmallInternal; DE_MEM_ASET_IVA_Internal; DE_MissionControl; DE_Mk1-3; DE_mk1CockpitInternal; DE_mk1InlineInternal; DE_mk1pod_IVA; DE_mk2CockpitStandardInternals; DE_mk2InlineInternal; DE_mk2LanderCanInternal; DE_MK2POD_ASET_IVA_Internal; DE_MK3_Cockpit_Int
pb_AG02-F03-G1,16,19,DE_cupolaInternal; DE_KV1_ASET_IVA_Internal; DE_KV2_ASET_IVA_Internal; DE_KV3_ASET_IVA_Internal; DE_landerCabinSmallInternal; DE_MEM_ASET_IVA_Internal; DE_MissionControl; DE_Mk1-3; DE_mk1CockpitInternal; DE_mk1InlineInternal; DE_mk1pod_IVA; DE_mk2CockpitStandardInternals; DE_mk2InlineInternal; DE_mk2LanderCanInternal; DE_MK2POD_ASET_IVA_Internal; DE_MK3_Cockpit_Int
pb_AG03-F03-G1,16,19,DE_cupolaInternal; DE_KV1_ASET_IVA_Internal; DE_KV2_ASET_IVA_Internal; DE_KV3_ASET_IVA_Internal; DE_landerCabinSmallInternal; DE_MEM_ASET_IVA_Internal; DE_MissionControl; DE_Mk1-3; DE_mk1CockpitInternal; DE_mk1InlineInternal; DE_mk1pod_IVA; DE_mk2CockpitStandardInternals; DE_mk2InlineInternal; DE_mk2LanderCanInternal; DE_MK2POD_ASET_IVA_Internal; DE_MK3_Cockpit_Int
pb_AG04-F03-G1,16,19,DE_cupolaInternal; DE_KV1_ASET_IVA_Internal; DE_KV2_ASET_IVA_Internal; DE_KV3_ASET_IVA_Internal; DE_landerCabinSmallInternal; DE_MEM_ASET_IVA_Internal; DE_MissionControl; DE_Mk1-3; DE_mk1CockpitInternal; DE_mk1InlineInternal; DE_mk1pod_IVA; DE_mk2CockpitStandardInternals; DE_mk2InlineInternal; DE_mk2LanderCanInternal; DE_MK2POD_ASET_IVA_Internal; DE_MK3_Cockpit_Int
pb_AG05-F03-G1,16,19,DE_cupolaInternal; DE_KV1_ASET_IVA_Internal; DE_KV2_ASET_IVA_Internal; DE_KV3_ASET_IVA_Internal; DE_landerCabinSmallInternal; DE_MEM_ASET_IVA_Internal; DE_MissionControl; DE_Mk1-3; DE_mk1CockpitInternal; DE_mk1InlineInternal; DE_mk1pod_IVA; DE_mk2CockpitStandardInternals; DE_mk2InlineInternal; DE_mk2LanderCanInternal; DE_MK2POD_ASET_IVA_Internal; DE_MK3_Cockpit_Int
pb_AG06-F03-G1,16,19,DE_cupolaInternal; DE_KV1_ASET_IVA_Internal; DE_KV2_ASET_IVA_Internal; DE_KV3_ASET_IVA_Internal; DE_landerCabinSmallInternal; DE_MEM_ASET_IVA_Internal; DE_MissionControl; DE_Mk1-3; DE_mk1CockpitInternal; DE_mk1InlineInternal; DE_mk1pod_IVA; DE_mk2CockpitStandardInternals; DE_mk2InlineInternal; DE_mk2LanderCanInternal; DE_MK2POD_ASET_IVA_Internal; DE_MK3_Cockpit_Int
pb_AG07-F03-G1,16,19,DE_cupolaInternal; DE_KV1_ASET_IVA_Internal; DE_KV2_ASET_IVA_Internal; DE_KV3_ASET_IVA_Internal; DE_landerCabinSmallInternal; DE_MEM_ASET_IVA_Internal; DE_MissionControl; DE_Mk1-3; DE_mk1CockpitInternal; DE_mk1InlineInternal; DE_mk1pod_IVA; DE_mk2CockpitStandardInternals; DE_mk2InlineInternal; DE_mk2LanderCanInternal; DE_MK2POD_ASET_IVA_Internal; DE_MK3_Cockpit_Int
pb_AG08-F03-G1,16,19,DE_cupolaInternal; DE_KV1_ASET_IVA_Internal; DE_KV2_ASET_IVA_Internal; DE_KV3_ASET_IVA_Internal; DE_landerCabinSmallInternal; DE_MEM_ASET_IVA_Internal; DE_MissionControl; DE_Mk1-3; DE_mk1CockpitInternal; DE_mk1InlineInternal; DE_mk1pod_IVA; DE_mk2CockpitStandardInternals; DE_mk2InlineInternal; DE_mk2LanderCanInternal; DE_MK2POD_ASET_IVA_Internal; DE_MK3_Cockpit_Int
pb_AG09-F03-G1,16,19,DE_cupolaInternal; DE_KV1_ASET_IVA_Internal; DE_KV2_ASET_IVA_Internal; DE_KV3_ASET_IVA_Internal; DE_landerCabinSmallInternal; DE_MEM_ASET_IVA_Internal; DE_MissionControl; DE_Mk1-3; DE_mk1CockpitInternal; DE_mk1InlineInternal; DE_mk1pod_IVA; DE_mk2CockpitStandardInternals; DE_mk2InlineInternal; DE_mk2LanderCanInternal; DE_MK2POD_ASET_IVA_Internal; DE_MK3_Cockpit_Int
pb_AG10-F03-G1,16,19,DE_cupolaInternal; DE_KV1_ASET_IVA_Internal; DE_KV2_ASET_IVA_Internal; DE_KV3_ASET_IVA_Internal; DE_landerCabinSmallInternal; DE_MEM_ASET_IVA_Internal; DE_MissionControl; DE_Mk1-3; DE_mk1CockpitInternal; DE_mk1InlineInternal; DE_mk1pod_IVA; DE_mk2CockpitStandardInternals; DE_mk2InlineInternal; DE_mk2LanderCanInternal; DE_MK2POD_ASET_IVA_Internal; DE_MK3_Cockpit_Int
Lable_IntLight,16,18,DE_cupolaInternal; DE_KV1_ASET_IVA_Internal; DE_KV2_ASET_IVA_Internal; DE_KV3_ASET_IVA_Internal; DE_landerCabinSmallInternal; DE_MEM_ASET_IVA_Internal; DE_MissionControl; DE_Mk1-3; DE_mk1CockpitInternal; DE_mk1InlineInternal; DE_mk1pod_IVA; DE_mk2CockpitStandardInternals; DE_mk2InlineInternal; DE_mk2LanderCanInternal; DE_MK2POD_ASET_IVA_Internal; DE_MK3_Cockpit_Int
Lable_Staging,16,18,DE_cupolaInternal; DE_KV1_ASET_IVA_Internal; DE_KV2_ASET_IVA_Internal; DE_KV3_ASET_IVA_Internal; DE_landerCabinSmallInternal; DE_MEM_ASET_IVA_Internal; DE_MissionControl; DE_Mk1-3; DE_mk1CockpitInternal; DE_mk1InlineInternal; DE_mk1pod_IVA; DE_mk2CockpitStandardInternals; DE_mk2InlineInternal; DE_mk2LanderCanInternal; DE_MK2POD_ASET_IVA_Internal; DE_MK3_Cockpit_Int
onStageReadyIndicator,16,18,DE_cupolaInternal; DE_KV1_ASET_IVA_Internal; DE_KV2_ASET_IVA_Internal; DE_KV3_ASET_IVA_Internal; DE_landerCabinSmallInternal; DE_MEM_ASET_IVA_Internal; DE_MissionControl; DE_Mk1-3; DE_mk1CockpitInternal; DE_mk1InlineInternal; DE_mk1pod_IVA; DE_mk2CockpitStandardInternals; DE_mk2InlineInternal; DE_mk2LanderCanInternal; DE_MK2POD_ASET_IVA_Internal; DE_MK3_Cockpit_Int
pb_EXT_LIGHT-SH02-B2,16,18,DE_cupolaInternal; DE_KV1_ASET_IVA_Internal; DE_KV2_ASET_IVA_Internal; DE_KV3_ASET_IVA_Internal; DE_landerCabinSmallInternal; DE_MEM_ASET_IVA_Internal; DE_MissionControl; DE_Mk1-3; DE_mk1CockpitInternal; DE_mk1InlineInternal; DE_mk1pod_IVA; DE_mk2CockpitStandardInternals; DE_mk2InlineInternal; DE_mk2LanderCanInternal; DE_MK2POD_ASET_IVA_Internal; DE_MK3_Cockpit_Int
pb_PANEL_LIGHT-FD4,16,18,DE_cupolaInternal; DE_KV1_ASET_IVA_Internal; DE_KV2_ASET_IVA_Internal; DE_KV3_ASET_IVA_Internal; DE_landerCabinSmallInternal; DE_MEM_ASET_IVA_Internal; DE_MissionControl; DE_Mk1-3; DE_mk1CockpitInternal; DE_mk1InlineInternal; DE_mk1pod_IVA; DE_mk2CockpitStandardInternals; DE_mk2InlineInternal; DE_mk2LanderCanInternal; DE_MK2POD_ASET_IVA_Internal; DE_MK3_Cockpit_Int
StageSwitch,16,18,DE_cupolaInternal; DE_KV1_ASET_IVA_Internal; DE_KV2_ASET_IVA_Internal; DE_KV3_ASET_IVA_Internal; DE_landerCabinSmallInternal; DE_MEM_ASET_IVA_Internal; DE_MissionControl; DE_Mk1-3; DE_mk1CockpitInternal; DE_mk1InlineInternal; DE_mk1pod_IVA; DE_mk2CockpitStandardInternals; DE_mk2InlineInternal; DE_mk2LanderCanInternal; DE_MK2POD_ASET_IVA_Internal; DE_MK3_Cockpit_Int
tggl_STAGE_LOCK_T4W-B14-S,16,18,DE_cupolaInternal; DE_KV1_ASET_IVA_Internal; DE_KV2_ASET_IVA_Internal; DE_KV3_ASET_IVA_Internal; DE_landerCabinSmallInternal; DE_MEM_ASET_IVA_Internal; DE_MissionControl; DE_Mk1-3; DE_mk1CockpitInternal; DE_mk1InlineInternal; DE_mk1pod_IVA; DE_mk2CockpitStandardInternals; DE_mk2InlineInternal; DE_mk2LanderCanInternal; DE_MK2POD_ASET_IVA_Internal; DE_MK3_Cockpit_Int
ASET_ALT_WARN_Dial,16,17,DE_cupolaInternal; DE_KV1_ASET_IVA_Internal; DE_KV2_ASET_IVA_Internal; DE_KV3_ASET_IVA_Internal; DE_landerCabinSmallInternal; DE_MEM_ASET_IVA_Internal; DE_MissionControl; DE_Mk1-3; DE_mk1CockpitInternal; DE_mk1InlineInternal; DE_mk1pod_IVA; DE_mk2CockpitStandardInternals; DE_mk2InlineInternal; DE_mk2LanderCanInternal; DE_MK2POD_ASET_IVA_Internal; DE_MK3_Cockpit_Int
ASET_RecoveryBeacon,16,17,DE_cupolaInternal; DE_KV1_ASET_IVA_Internal; DE_KV2_ASET_IVA_Internal; DE_KV3_ASET_IVA_Internal; DE_landerCabinSmallInternal; DE_MEM_ASET_IVA_Internal; DE_MissionControl; DE_Mk1-3; DE_mk1CockpitInternal; DE_mk1InlineInternal; DE_mk1pod_IVA; DE_mk2CockpitStandardInternals; DE_mk2InlineInternal; DE_mk2LanderCanInternal; DE_MK2POD_ASET_IVA_Internal; DE_MK3_Cockpit_Int
IndicatorADV_HEAT,16,17,DE_cupolaInternal; DE_KV1_ASET_IVA_Internal; DE_KV2_ASET_IVA_Internal; DE_KV3_ASET_IVA_Internal; DE_landerCabinSmallInternal; DE_MEM_ASET_IVA_Internal; DE_MissionControl; DE_Mk1-3; DE_mk1CockpitInternal; DE_mk1InlineInternal; DE_mk1pod_IVA; DE_mk2CockpitStandardInternals; DE_mk2InlineInternal; DE_mk2LanderCanInternal; DE_MK2POD_ASET_IVA_Internal; DE_MK3_Cockpit_Int
IndicatorADV_PodTemp,16,17,DE_cupolaInternal; DE_KV1_ASET_IVA_Internal; DE_KV2_ASET_IVA_Internal; DE_KV3_ASET_IVA_Internal; DE_landerCabinSmallInternal; DE_MEM_ASET_IVA_Internal; DE_MissionControl; DE_Mk1-3; DE_mk1CockpitInternal; DE_mk1InlineInternal; DE_mk1pod_IVA; DE_mk2CockpitStandardInternals; DE_mk2InlineInternal; DE_mk2LanderCanInternal; DE_MK2POD_ASET_IVA_Internal; DE_MK3_Cockpit_Int
Lable_Temperature,16,17,DE_cupolaInternal; DE_KV1_ASET_IVA_Internal; DE_KV2_ASET_IVA_Internal; DE_KV3_ASET_IVA_Internal; DE_landerCabinSmallInternal; DE_MEM_ASET_IVA_Internal; DE_MissionControl; DE_Mk1-3; DE_mk1CockpitInternal; DE_mk1InlineInternal; DE_mk1pod_IVA; DE_mk2CockpitStandardInternals; DE_mk2InlineInternal; DE_mk2LanderCanInternal; DE_MK2POD_ASET_IVA_Internal; DE_MK3_Cockpit_Int
pb_AVAS_ON-OFF-FT-B2,16,17,DE_cupolaInternal; DE_KV1_ASET_IVA_Internal; DE_KV2_ASET_IVA_Internal; DE_KV3_ASET_IVA_Internal; DE_landerCabinSmallInternal; DE_MEM_ASET_IVA_Internal; DE_MissionControl; DE_Mk1-3; DE_mk1CockpitInternal; DE_mk1InlineInternal; DE_mk1pod_IVA; DE_mk2CockpitStandardInternals; DE_mk2InlineInternal; DE_mk2LanderCanInternal; DE_MK2POD_ASET_IVA_Internal; DE_MK3_Cockpit_Int
pb_GPWS_ON-OFF-SH01-B6-C2,16,17,DE_cupolaInternal; DE_KV1_ASET_IVA_Internal; DE_KV2_ASET_IVA_Internal; DE_KV3_ASET_IVA_Internal; DE_landerCabinSmallInternal; DE_MEM_ASET_IVA_Internal; DE_MissionControl; DE_Mk1-3; DE_mk1CockpitInternal; DE_mk1InlineInternal; DE_mk1pod_IVA; DE_mk2CockpitStandardInternals; DE_mk2InlineInternal; DE_mk2LanderCanInternal; DE_MK2POD_ASET_IVA_Internal; DE_MK3_Cockpit_Int
pb_WARN_HIGH_G_ON-OFF-FT-B2,16,17,DE_cupolaInternal; DE_KV1_ASET_IVA_Internal; DE_KV2_ASET_IVA_Internal; DE_KV3_ASET_IVA_Internal; DE_landerCabinSmallInternal; DE_MEM_ASET_IVA_Internal; DE_MissionControl; DE_Mk1-3; DE_mk1CockpitInternal; DE_mk1InlineInternal; DE_mk1pod_IVA; DE_mk2CockpitStandardInternals; DE_mk2InlineInternal; DE_mk2LanderCanInternal; DE_MK2POD_ASET_IVA_Internal; DE_MK3_Cockpit_Int
pb_WARN_SLOPE_ON-OFF-FT-B2,16,17,DE_cupolaInternal; DE_KV1_ASET_IVA_Internal; DE_KV2_ASET_IVA_Internal; DE_KV3_ASET_IVA_Internal; DE_landerCabinSmallInternal; DE_MEM_ASET_IVA_Internal; DE_MissionControl; DE_Mk1-3; DE_mk1CockpitInternal; DE_mk1InlineInternal; DE_mk1pod_IVA; DE_mk2CockpitStandardInternals; DE_mk2InlineInternal; DE_mk2LanderCanInternal; DE_MK2POD_ASET_IVA_Internal; DE_MK3_Cockpit_Int
pb_WARN_TUMBLE_ON-OFF-FT-B2,16,17,DE_cupolaInternal; DE_KV1_ASET_IVA_Internal; DE_KV2_ASET_IVA_Internal; DE_KV3_ASET_IVA_Internal; DE_landerCabinSmallInternal; DE_MEM_ASET_IVA_Internal; DE_MissionControl; DE_Mk1-3; DE_mk1CockpitInternal; DE_mk1InlineInternal; DE_mk1pod_IVA; DE_mk2CockpitStandardInternals; DE_mk2InlineInternal; DE_mk2LanderCanInternal; DE_MK2POD_ASET_IVA_Internal; DE_MK3_Cockpit_Int
SmallPlate_CAUTIONS_and_WARNINGS,16,17,DE_cupolaInternal; DE_KV1_ASET_IVA_Internal; DE_KV2_ASET_IVA_Internal; DE_KV3_ASET_IVA_Internal; DE_landerCabinSmallInternal; DE_MEM_ASET_IVA_Internal; DE_MissionControl; DE_Mk1-3; DE_mk1CockpitInternal; DE_mk1InlineInternal; DE_mk1pod_IVA; DE_mk2CockpitStandardInternals; DE_mk2InlineInternal; DE_mk2LanderCanInternal; DE_MK2POD_ASET_IVA_Internal; DE_MK3_Cockpit_Int
DI_Chatterer_RECV_Level,16,16,DE_cupolaInternal; DE_KV1_ASET_IVA_Internal; DE_KV2_ASET_IVA_Internal; DE_KV3_ASET_IVA_Internal; DE_landerCabinSmallInternal; DE_MEM_ASET_IVA_Internal; DE_MissionControl; DE_Mk1-3; DE_mk1CockpitInternal; DE_mk1InlineInternal; DE_mk1pod_IVA; DE_mk2CockpitStandardInternals; DE_mk2InlineInternal; DE_mk2LanderCanInternal; DE_MK2POD_ASET_IVA_Internal; DE_MK3_Cockpit_Int
DI_Chatterer_XMIT_Level,16,16,DE_cupolaInternal; DE_KV1_ASET_IVA_Internal; DE_KV2_ASET_IVA_Internal; DE_KV3_ASET_IVA_Internal; DE_landerCabinSmallInternal; DE_MEM_ASET_IVA_Internal; DE_MissionControl; DE_Mk1-3; DE_mk1CockpitInternal; DE_mk1InlineInternal; DE_mk1pod_IVA; DE_mk2CockpitStandardInternals; DE_mk2InlineInternal; DE_mk2LanderCanInternal; DE_MK2POD_ASET_IVA_Internal; DE_MK3_Cockpit_Int
DI_CommNet_Signal_Strength,16,16,DE_cupolaInternal; DE_KV1_ASET_IVA_Internal; DE_KV2_ASET_IVA_Internal; DE_KV3_ASET_IVA_Internal; DE_landerCabinSmallInternal; DE_MEM_ASET_IVA_Internal; DE_MissionControl; DE_Mk1-3; DE_mk1CockpitInternal; DE_mk1InlineInternal; DE_mk1pod_IVA; DE_mk2CockpitStandardInternals; DE_mk2InlineInternal; DE_mk2LanderCanInternal; DE_MK2POD_ASET_IVA_Internal; DE_MK3_Cockpit_Int
JSIMainCompUnit,16,16,DE_cupolaInternal; DE_KV1_ASET_IVA_Internal; DE_KV2_ASET_IVA_Internal; DE_KV3_ASET_IVA_Internal; DE_landerCabinSmallInternal; DE_MEM_ASET_IVA_Internal; DE_MissionControl; DE_Mk1-3; DE_mk1CockpitInternal; DE_mk1InlineInternal; DE_mk1pod_IVA; DE_mk2CockpitStandardInternals; DE_mk2InlineInternal; DE_mk2LanderCanInternal; DE_MK2POD_ASET_IVA_Internal; DE_MK3_Cockpit_Int
Lable_PARACHUTE,16,16,DE_cupolaInternal; DE_KV1_ASET_IVA_Internal; DE_KV2_ASET_IVA_Internal; DE_KV3_ASET_IVA_Internal; DE_landerCabinSmallInternal; DE_MEM_ASET_IVA_Internal; DE_MissionControl; DE_Mk1-3; DE_mk1CockpitInternal; DE_mk1InlineInternal; DE_mk1pod_IVA; DE_mk2CockpitStandardInternals; DE_mk2InlineInternal; DE_mk2LanderCanInternal; DE_MK2POD_ASET_IVA_Internal; DE_MK3_Cockpit_Int
On_CHATTERER_ON,16,16,DE_cupolaInternal; DE_KV1_ASET_IVA_Internal; DE_KV2_ASET_IVA_Internal; DE_KV3_ASET_IVA_Internal; DE_landerCabinSmallInternal; DE_MEM_ASET_IVA_Internal; DE_MissionControl; DE_Mk1-3; DE_mk1CockpitInternal; DE_mk1InlineInternal; DE_mk1pod_IVA; DE_mk2CockpitStandardInternals; DE_mk2InlineInternal; DE_mk2LanderCanInternal; DE_MK2POD_ASET_IVA_Internal; DE_MK3_Cockpit_Int
On_CHATTERER_RECV,16,16,DE_cupolaInternal; DE_KV1_ASET_IVA_Internal; DE_KV2_ASET_IVA_Internal; DE_KV3_ASET_IVA_Internal; DE_landerCabinSmallInternal; DE_MEM_ASET_IVA_Internal; DE_MissionControl; DE_Mk1-3; DE_mk1CockpitInternal; DE_mk1InlineInternal; DE_mk1pod_IVA; DE_mk2CockpitStandardInternals; DE_mk2InlineInternal; DE_mk2LanderCanInternal; DE_MK2POD_ASET_IVA_Internal; DE_MK3_Cockpit_Int
On_CHATTERER_STBY,16,16,DE_cupolaInternal; DE_KV1_ASET_IVA_Internal; DE_KV2_ASET_IVA_Internal; DE_KV3_ASET_IVA_Internal; DE_landerCabinSmallInternal; DE_MEM_ASET_IVA_Internal; DE_MissionControl; DE_Mk1-3; DE_mk1CockpitInternal; DE_mk1InlineInternal; DE_mk1pod_IVA; DE_mk2CockpitStandardInternals; DE_mk2InlineInternal; DE_mk2LanderCanInternal; DE_MK2POD_ASET_IVA_Internal; DE_MK3_Cockpit_Int
On_CHATTERER_XMIT,16,16,DE_cupolaInternal; DE_KV1_ASET_IVA_Internal; DE_KV2_ASET_IVA_Internal; DE_KV3_ASET_IVA_Internal; DE_landerCabinSmallInternal; DE_MEM_ASET_IVA_Internal; DE_MissionControl; DE_Mk1-3; DE_mk1CockpitInternal; DE_mk1InlineInternal; DE_mk1pod_IVA; DE_mk2CockpitStandardInternals; DE_mk2InlineInternal; DE_mk2LanderCanInternal; DE_MK2POD_ASET_IVA_Internal; DE_MK3_Cockpit_Int
On_CHUTE_SAFE_TO_DEPLOY,16,16,DE_cupolaInternal; DE_KV1_ASET_IVA_Internal; DE_KV2_ASET_IVA_Internal; DE_KV3_ASET_IVA_Internal; DE_landerCabinSmallInternal; DE_MEM_ASET_IVA_Internal; DE_MissionControl; DE_Mk1-3; DE_mk1CockpitInternal; DE_mk1InlineInternal; DE_mk1pod_IVA; DE_mk2CockpitStandardInternals; DE_mk2InlineInternal; DE_mk2LanderCanInternal; DE_MK2POD_ASET_IVA_Internal; DE_MK3_Cockpit_Int
On_COMMNET_CONNECTED,16,16,DE_cupolaInternal; DE_KV1_ASET_IVA_Internal; DE_KV2_ASET_IVA_Internal; DE_KV3_ASET_IVA_Internal; DE_landerCabinSmallInternal; DE_MEM_ASET_IVA_Internal; DE_MissionControl; DE_Mk1-3; DE_mk1CockpitInternal; DE_mk1InlineInternal; DE_mk1pod_IVA; DE_mk2CockpitStandardInternals; DE_mk2InlineInternal; DE_mk2LanderCanInternal; DE_MK2POD_ASET_IVA_Internal; DE_MK3_Cockpit_Int
On_NO_SIGNAL,16,16,DE_cupolaInternal; DE_KV1_ASET_IVA_Internal; DE_KV2_ASET_IVA_Internal; DE_KV3_ASET_IVA_Internal; DE_landerCabinSmallInternal; DE_MEM_ASET_IVA_Internal; DE_MissionControl; DE_Mk1-3; DE_mk1CockpitInternal; DE_mk1InlineInternal; DE_mk1pod_IVA; DE_mk2CockpitStandardInternals; DE_mk2InlineInternal; DE_mk2LanderCanInternal; DE_MK2POD_ASET_IVA_Internal; DE_MK3_Cockpit_Int
onALTERNATOR_ACTIVE_ONIndicator,16,16,DE_cupolaInternal; DE_KV1_ASET_IVA_Internal; DE_KV2_ASET_IVA_Internal; DE_KV3_ASET_IVA_Internal; DE_landerCabinSmallInternal; DE_MEM_ASET_IVA_Internal; DE_MissionControl; DE_Mk1-3; DE_mk1CockpitInternal; DE_mk1InlineInternal; DE_mk1pod_IVA; DE_mk2CockpitStandardInternals; DE_mk2InlineInternal; DE_mk2LanderCanInternal; DE_MK2POD_ASET_IVA_Internal; DE_MK3_Cockpit_Int
onFUELCELL_ACTIVE_ONIndicator,16,16,DE_cupolaInternal; DE_KV1_ASET_IVA_Internal; DE_KV2_ASET_IVA_Internal; DE_KV3_ASET_IVA_Internal; DE_landerCabinSmallInternal; DE_MEM_ASET_IVA_Internal; DE_MissionControl; DE_Mk1-3; DE_mk1CockpitInternal; DE_mk1InlineInternal; DE_mk1pod_IVA; DE_mk2CockpitStandardInternals; DE_mk2InlineInternal; DE_mk2LanderCanInternal; DE_MK2POD_ASET_IVA_Internal; DE_MK3_Cockpit_Int
onGENERATOR_ACTIVE_ONIndicator,16,16,DE_cupolaInternal; DE_KV1_ASET_IVA_Internal; DE_KV2_ASET_IVA_Internal; DE_KV3_ASET_IVA_Internal; DE_landerCabinSmallInternal; DE_MEM_ASET_IVA_Internal; DE_MissionControl; DE_Mk1-3; DE_mk1CockpitInternal; DE_mk1InlineInternal; DE_mk1pod_IVA; DE_mk2CockpitStandardInternals; DE_mk2InlineInternal; DE_mk2LanderCanInternal; DE_MK2POD_ASET_IVA_Internal; DE_MK3_Cockpit_Int
onSOLARARRAY_ACTIVE_ONIndicator,16,16,DE_cupolaInternal; DE_KV1_ASET_IVA_Internal; DE_KV2_ASET_IVA_Internal; DE_KV3_ASET_IVA_Internal; DE_landerCabinSmallInternal; DE_MEM_ASET_IVA_Internal; DE_MissionControl; DE_Mk1-3; DE_mk1CockpitInternal; DE_mk1InlineInternal; DE_mk1pod_IVA; DE_mk2CockpitStandardInternals; DE_mk2InlineInternal; DE_mk2LanderCanInternal; DE_MK2POD_ASET_IVA_Internal; DE_MK3_Cockpit_Int
onSOLARARRAY_BROKEN_ONIndicator,16,16,DE_cupolaInternal; DE_KV1_ASET_IVA_Internal; DE_KV2_ASET_IVA_Internal; DE_KV3_ASET_IVA_Internal; DE_landerCabinSmallInternal; DE_MEM_ASET_IVA_Internal; DE_MissionControl; DE_Mk1-3; DE_mk1CockpitInternal; DE_mk1InlineInternal; DE_mk1pod_IVA; DE_mk2CockpitStandardInternals; DE_mk2InlineInternal; DE_mk2LanderCanInternal; DE_MK2POD_ASET_IVA_Internal; DE_MK3_Cockpit_Int
onSOLARARRAY_DEPLOYED_ONIndicator,16,16,DE_cupolaInternal; DE_KV1_ASET_IVA_Internal; DE_KV2_ASET_IVA_Internal; DE_KV3_ASET_IVA_Internal; DE_landerCabinSmallInternal; DE_MEM_ASET_IVA_Internal; DE_MissionControl; DE_Mk1-3; DE_mk1CockpitInternal; DE_mk1InlineInternal; DE_mk1pod_IVA; DE_mk2CockpitStandardInternals; DE_mk2InlineInternal; DE_mk2LanderCanInternal; DE_MK2POD_ASET_IVA_Internal; DE_MK3_Cockpit_Int
onSOLARARRAY_RETRACTED_ONIndicator,16,16,DE_cupolaInternal; DE_KV1_ASET_IVA_Internal; DE_KV2_ASET_IVA_Internal; DE_KV3_ASET_IVA_Internal; DE_landerCabinSmallInternal; DE_MEM_ASET_IVA_Internal; DE_MissionControl; DE_Mk1-3; DE_mk1CockpitInternal; DE_mk1InlineInternal; DE_mk1pod_IVA; DE_mk2CockpitStandardInternals; DE_mk2InlineInternal; DE_mk2LanderCanInternal; DE_MK2POD_ASET_IVA_Internal; DE_MK3_Cockpit_Int
pb_BRAKE_SET-F01-B2,16,16,DE_cupolaInternal; DE_KV1_ASET_IVA_Internal; DE_KV2_ASET_IVA_Internal; DE_KV3_ASET_IVA_Internal; DE_landerCabinSmallInternal; DE_MEM_ASET_IVA_Internal; DE_MissionControl; DE_Mk1-3; DE_mk1CockpitInternal; DE_mk1InlineInternal; DE_mk1pod_IVA; DE_mk2CockpitStandardInternals; DE_mk2InlineInternal; DE_mk2LanderCanInternal; DE_MK2POD_ASET_IVA_Internal; DE_MK3_Cockpit_Int
pb_CHATTERER_PTT-F03-G1,16,16,DE_cupolaInternal; DE_KV1_ASET_IVA_Internal; DE_KV2_ASET_IVA_Internal; DE_KV3_ASET_IVA_Internal; DE_landerCabinSmallInternal; DE_MEM_ASET_IVA_Internal; DE_MissionControl; DE_Mk1-3; DE_mk1CockpitInternal; DE_mk1InlineInternal; DE_mk1pod_IVA; DE_mk2CockpitStandardInternals; DE_mk2InlineInternal; DE_mk2LanderCanInternal; DE_MK2POD_ASET_IVA_Internal; DE_MK3_Cockpit_Int
pb_CHUTE_CUT-F01-B6-C2,16,16,DE_cupolaInternal; DE_KV1_ASET_IVA_Internal; DE_KV2_ASET_IVA_Internal; DE_KV3_ASET_IVA_Internal; DE_landerCabinSmallInternal; DE_MEM_ASET_IVA_Internal; DE_MissionControl; DE_Mk1-3; DE_mk1CockpitInternal; DE_mk1InlineInternal; DE_mk1pod_IVA; DE_mk2CockpitStandardInternals; DE_mk2InlineInternal; DE_mk2LanderCanInternal; DE_MK2POD_ASET_IVA_Internal; DE_MK3_Cockpit_Int
pb_CHUTE_DEPLOY-F02-B6-C2,16,16,DE_cupolaInternal; DE_KV1_ASET_IVA_Internal; DE_KV2_ASET_IVA_Internal; DE_KV3_ASET_IVA_Internal; DE_landerCabinSmallInternal; DE_MEM_ASET_IVA_Internal; DE_MissionControl; DE_Mk1-3; DE_mk1CockpitInternal; DE_mk1InlineInternal; DE_mk1pod_IVA; DE_mk2CockpitStandardInternals; DE_mk2InlineInternal; DE_mk2LanderCanInternal; DE_MK2POD_ASET_IVA_Internal; DE_MK3_Cockpit_Int
pb_GEAR_DN_AUTO-SH01-B6-C2,16,16,DE_cupolaInternal; DE_KV1_ASET_IVA_Internal; DE_KV2_ASET_IVA_Internal; DE_KV3_ASET_IVA_Internal; DE_landerCabinSmallInternal; DE_MEM_ASET_IVA_Internal; DE_MissionControl; DE_Mk1-3; DE_mk1CockpitInternal; DE_mk1InlineInternal; DE_mk1pod_IVA; DE_mk2CockpitStandardInternals; DE_mk2InlineInternal; DE_mk2LanderCanInternal; DE_MK2POD_ASET_IVA_Internal; DE_MK3_Cockpit_Int
SwitchFlatPanel_VoiceComm,16,16,DE_cupolaInternal; DE_KV1_ASET_IVA_Internal; DE_KV2_ASET_IVA_Internal; DE_KV3_ASET_IVA_Internal; DE_landerCabinSmallInternal; DE_MEM_ASET_IVA_Internal; DE_MissionControl; DE_Mk1-3; DE_mk1CockpitInternal; DE_mk1InlineInternal; DE_mk1pod_IVA; DE_mk2CockpitStandardInternals; DE_mk2InlineInternal; DE_mk2LanderCanInternal; DE_MK2POD_ASET_IVA_Internal; DE_MK3_Cockpit_Int
SwitchRotary-5pos-ElecOutput_Selector,16,16,DE_cupolaInternal; DE_KV1_ASET_IVA_Internal; DE_KV2_ASET_IVA_Internal; DE_KV3_ASET_IVA_Internal; DE_landerCabinSmallInternal; DE_MEM_ASET_IVA_Internal; DE_MissionControl; DE_Mk1-3; DE_mk1CockpitInternal; DE_mk1InlineInternal; DE_mk1pod_IVA; DE_mk2CockpitStandardInternals; DE_mk2InlineInternal; DE_mk2LanderCanInternal; DE_MK2POD_ASET_IVA_Internal; DE_MK3_Cockpit_Int
swTumble_SOLAR_DEPLOY,16,16,DE_cupolaInternal; DE_KV1_ASET_IVA_Internal; DE_KV2_ASET_IVA_Internal; DE_KV3_ASET_IVA_Internal; DE_landerCabinSmallInternal; DE_MEM_ASET_IVA_Internal; DE_MissionControl; DE_Mk1-3; DE_mk1CockpitInternal; DE_mk1InlineInternal; DE_mk1pod_IVA; DE_mk2CockpitStandardInternals; DE_mk2InlineInternal; DE_mk2LanderCanInternal; DE_MK2POD_ASET_IVA_Internal; DE_MK3_Cockpit_Int
swTumbleFUELCELL,16,16,DE_cupolaInternal; DE_KV1_ASET_IVA_Internal; DE_KV2_ASET_IVA_Internal; DE_KV3_ASET_IVA_Internal; DE_landerCabinSmallInternal; DE_MEM_ASET_IVA_Internal; DE_MissionControl; DE_Mk1-3; DE_mk1CockpitInternal; DE_mk1InlineInternal; DE_mk1pod_IVA; DE_mk2CockpitStandardInternals; DE_mk2InlineInternal; DE_mk2LanderCanInternal; DE_MK2POD_ASET_IVA_Internal; DE_MK3_Cockpit_Int
tggl_CHUTE_ARM_T1_G1-B2-S,16,16,DE_cupolaInternal; DE_KV1_ASET_IVA_Internal; DE_KV2_ASET_IVA_Internal; DE_KV3_ASET_IVA_Internal; DE_landerCabinSmallInternal; DE_MEM_ASET_IVA_Internal; DE_MissionControl; DE_Mk1-3; DE_mk1CockpitInternal; DE_mk1InlineInternal; DE_mk1pod_IVA; DE_mk2CockpitStandardInternals; DE_mk2InlineInternal; DE_mk2LanderCanInternal; DE_MK2POD_ASET_IVA_Internal; DE_MK3_Cockpit_Int
tggl_GEAR_CTRL_T5W-B14-S,16,16,DE_cupolaInternal; DE_KV1_ASET_IVA_Internal; DE_KV2_ASET_IVA_Internal; DE_KV3_ASET_IVA_Internal; DE_landerCabinSmallInternal; DE_MEM_ASET_IVA_Internal; DE_MissionControl; DE_Mk1-3; DE_mk1CockpitInternal; DE_mk1InlineInternal; DE_mk1pod_IVA; DE_mk2CockpitStandardInternals; DE_mk2InlineInternal; DE_mk2LanderCanInternal; DE_MK2POD_ASET_IVA_Internal; DE_MK3_Cockpit_Int
Lable_LSS_STATUS,15,16,DE_cupolaInternal; DE_KV1_ASET_IVA_Internal; DE_KV2_ASET_IVA_Internal; DE_KV3_ASET_IVA_Internal; DE_landerCabinSmallInternal; DE_MEM_ASET_IVA_Internal; DE_MissionControl; DE_mk1CockpitInternal; DE_mk1InlineInternal; DE_mk1pod_IVA; DE_mk2CockpitStandardInternals; DE_mk2InlineInternal; DE_mk2LanderCanInternal; DE_MK2POD_ASET_IVA_Internal; DE_MK3_Cockpit_Int
LifeSupportMonitor,15,16,DE_cupolaInternal; DE_KV1_ASET_IVA_Internal; DE_KV2_ASET_IVA_Internal; DE_KV3_ASET_IVA_Internal; DE_landerCabinSmallInternal; DE_MEM_ASET_IVA_Internal; DE_MissionControl; DE_mk1CockpitInternal; DE_mk1InlineInternal; DE_mk1pod_IVA; DE_mk2CockpitStandardInternals; DE_mk2InlineInternal; DE_mk2LanderCanInternal; DE_MK2POD_ASET_IVA_Internal; DE_MK3_Cockpit_Int
PortableTimer,11,16,DE_cupolaInternal; DE_KV1_ASET_IVA_Internal; DE_KV2_ASET_IVA_Internal; DE_KV3_ASET_IVA_Internal; DE_MEM_ASET_IVA_Internal; DE_Mk1-3; DE_mk1InlineInternal; DE_mk2CockpitStandardInternals; DE_mk2LanderCanInternal; DE_MK2POD_ASET_IVA_Internal; DE_MK3_Cockpit_Int
Lable_StabMode,11,14,DE_cupolaInternal; DE_landerCabinSmallInternal; DE_MissionControl; DE_Mk1-3; DE_mk1CockpitInternal; DE_mk1InlineInternal; DE_mk1pod_IVA; DE_mk2CockpitStandardInternals; DE_mk2InlineInternal; DE_mk2LanderCanInternal; DE_MK3_Cockpit_Int
pb_SAS_ON-FD1-B2,11,14,DE_cupolaInternal; DE_landerCabinSmallInternal; DE_MissionControl; DE_Mk1-3; DE_mk1CockpitInternal; DE_mk1InlineInternal; DE_mk1pod_IVA; DE_mk2CockpitStandardInternals; DE_mk2InlineInternal; DE_mk2LanderCanInternal; DE_MK3_Cockpit_Int
tggl_ABORT_T1-G3-B15-C1Y-S,11,13,DE_cupolaInternal; DE_landerCabinSmallInternal; DE_MissionControl; DE_Mk1-3; DE_mk1CockpitInternal; DE_mk1InlineInternal; DE_mk1pod_IVA; DE_mk2CockpitStandardInternals; DE_mk2InlineInternal; DE_mk2LanderCanInternal; DE_MK3_Cockpit_Int
Lable_Atmosphere,11,12,DE_cupolaInternal; DE_landerCabinSmallInternal; DE_MissionControl; DE_Mk1-3; DE_mk1CockpitInternal; DE_mk1InlineInternal; DE_mk1pod_IVA; DE_mk2CockpitStandardInternals; DE_mk2InlineInternal; DE_mk2LanderCanInternal; DE_MK3_Cockpit_Int
Lable_PowerSupply,11,12,DE_cupolaInternal; DE_landerCabinSmallInternal; DE_MissionControl; DE_Mk1-3; DE_mk1CockpitInternal; DE_mk1InlineInternal; DE_mk1pod_IVA; DE_mk2CockpitStandardInternals; DE_mk2InlineInternal; DE_mk2LanderCanInternal; DE_MK3_Cockpit_Int
pb_FAKE03-F02,11,11,DE_cupolaInternal; DE_landerCabinSmallInternal; DE_MissionControl; DE_Mk1-3; DE_mk1CockpitInternal; DE_mk1InlineInternal; DE_mk1pod_IVA; DE_mk2CockpitStandardInternals; DE_mk2InlineInternal; DE_mk2LanderCanInternal; DE_MK3_Cockpit_Int
pb_FAKE06-F02,11,11,DE_cupolaInternal; DE_landerCabinSmallInternal; DE_MissionControl; DE_Mk1-3; DE_mk1CockpitInternal; DE_mk1InlineInternal; DE_mk1pod_IVA; DE_mk2CockpitStandardInternals; DE_mk2InlineInternal; DE_mk2LanderCanInternal; DE_MK3_Cockpit_Int
pb_FAKE07-F02,11,11,DE_cupolaInternal; DE_landerCabinSmallInternal; DE_MissionControl; DE_Mk1-3; DE_mk1CockpitInternal; DE_mk1InlineInternal; DE_mk1pod_IVA; DE_mk2CockpitStandardInternals; DE_mk2InlineInternal; DE_mk2LanderCanInternal; DE_MK3_Cockpit_Int
SwitchFlatPanel_CommNet,11,11,DE_cupolaInternal; DE_landerCabinSmallInternal; DE_MissionControl; DE_Mk1-3; DE_mk1CockpitInternal; DE_mk1InlineInternal; DE_mk1pod_IVA; DE_mk2CockpitStandardInternals; DE_mk2InlineInternal; DE_mk2LanderCanInternal; DE_MK3_Cockpit_Int
SwitchFlatPanelLongClear,11,11,DE_cupolaInternal; DE_landerCabinSmallInternal; DE_MissionControl; DE_Mk1-3; DE_mk1CockpitInternal; DE_mk1InlineInternal; DE_mk1pod_IVA; DE_mk2CockpitStandardInternals; DE_mk2InlineInternal; DE_mk2LanderCanInternal; DE_MK3_Cockpit_Int
throttle,10,12,DE_cupolaInternal; DE_KV1_ASET_IVA_Internal; DE_KV2_ASET_IVA_Internal; DE_KV3_ASET_IVA_Internal; DE_landerCabinSmallInternal; DE_MEM_ASET_IVA_Internal; DE_MissionControl; DE_mk2LanderCanInternal; DE_MK2POD_ASET_IVA_Internal; DE_MK3_Cockpit_Int
On_DOCKING_MODE_UI,9,9,DE_cupolaInternal; DE_KV1_ASET_IVA_Internal; DE_KV2_ASET_IVA_Internal; DE_KV3_ASET_IVA_Internal; DE_MEM_ASET_IVA_Internal; DE_Mk1-3; DE_mk2InlineInternal; DE_MK2POD_ASET_IVA_Internal; DE_MK3_Cockpit_Int
On_STAGING_MODE_UI,9,9,DE_cupolaInternal; DE_KV1_ASET_IVA_Internal; DE_KV2_ASET_IVA_Internal; DE_KV3_ASET_IVA_Internal; DE_MEM_ASET_IVA_Internal; DE_Mk1-3; DE_mk2InlineInternal; DE_MK2POD_ASET_IVA_Internal; DE_MK3_Cockpit_Int
OnPREC_MODE,9,9,DE_cupolaInternal; DE_KV1_ASET_IVA_Internal; DE_KV2_ASET_IVA_Internal; DE_KV3_ASET_IVA_Internal; DE_MEM_ASET_IVA_Internal; DE_Mk1-3; DE_mk2InlineInternal; DE_MK2POD_ASET_IVA_Internal; DE_MK3_Cockpit_Int
onRCSACTIVEIndicator,9,9,DE_cupolaInternal; DE_KV1_ASET_IVA_Internal; DE_KV2_ASET_IVA_Internal; DE_KV3_ASET_IVA_Internal; DE_MEM_ASET_IVA_Internal; DE_Mk1-3; DE_mk2InlineInternal; DE_MK2POD_ASET_IVA_Internal; DE_MK3_Cockpit_Int
onVESSEL_DOCKED_ONIndicator,9,9,DE_cupolaInternal; DE_KV1_ASET_IVA_Internal; DE_KV2_ASET_IVA_Internal; DE_KV3_ASET_IVA_Internal; DE_MEM_ASET_IVA_Internal; DE_Mk1-3; DE_mk2InlineInternal; DE_MK2POD_ASET_IVA_Internal; DE_MK3_Cockpit_Int
tggl_UNDOCK_T1-G3-B4-C1Y-S,9,9,DE_cupolaInternal; DE_KV1_ASET_IVA_Internal; DE_KV2_ASET_IVA_Internal; DE_KV3_ASET_IVA_Internal; DE_MEM_ASET_IVA_Internal; DE_Mk1-3; DE_mk2InlineInternal; DE_MK2POD_ASET_IVA_Internal; DE_MK3_Cockpit_Int
pb_Warp_Dec,8,8,DE_cupolaInternal; DE_landerCabinSmallInternal; DE_MEM_ASET_IVA_Internal; DE_Mk1-3; DE_mk1CockpitInternal; DE_mk1InlineInternal; DE_mk1pod_IVA; DE_mk2CockpitStandardInternals
pb_Warp_Inc,8,8,DE_cupolaInternal; DE_landerCabinSmallInternal; DE_MEM_ASET_IVA_Internal; DE_Mk1-3; DE_mk1CockpitInternal; DE_mk1InlineInternal; DE_mk1pod_IVA; DE_mk2CockpitStandardInternals
pb_Warp_Next,8,8,DE_cupolaInternal; DE_landerCabinSmallInternal; DE_MEM_ASET_IVA_Internal; DE_Mk1-3; DE_mk1CockpitInternal; DE_mk1InlineInternal; DE_mk1pod_IVA; DE_mk2CockpitStandardInternals
Primitive_BOX_Black,6,10,DE_cupolaInternal; DE_Mk1-3; DE_mk1InlineInternal; DE_mk2CockpitStandardInternals; DE_mk2InlineInternal; DE_MK3_Cockpit_Int
DigitalIndicator_DELTAVTOTAL,6,6,DE_cupolaInternal; DE_KV1_ASET_IVA_Internal; DE_KV2_ASET_IVA_Internal; DE_KV3_ASET_IVA_Internal; DE_MEM_ASET_IVA_Internal; DE_MK2POD_ASET_IVA_Internal
pb_RESET_THRUST_LIMIT-F01-B1-G1,6,6,DE_KV1_ASET_IVA_Internal; DE_KV2_ASET_IVA_Internal; DE_KV3_ASET_IVA_Internal; DE_MEM_ASET_IVA_Internal; DE_Mk1-3; DE_MK2POD_ASET_IVA_Internal
pb_Warp_Kill,6,6,DE_cupolaInternal; DE_landerCabinSmallInternal; DE_MEM_ASET_IVA_Internal; DE_Mk1-3; DE_mk1pod_IVA; DE_mk2CockpitStandardInternals
THRUST_LIMIT_Selector,6,6,DE_KV1_ASET_IVA_Internal; DE_KV2_ASET_IVA_Internal; DE_KV3_ASET_IVA_Internal; DE_MEM_ASET_IVA_Internal; DE_Mk1-3; DE_MK2POD_ASET_IVA_Internal
SwitchFlatPanelShortClear,5,15,DE_KV1_ASET_IVA_Internal; DE_KV2_ASET_IVA_Internal; DE_KV3_ASET_IVA_Internal; DE_MEM_ASET_IVA_Internal; DE_MK2POD_ASET_IVA_Internal
LowChargeIndicator,5,10,DE_KV1_ASET_IVA_Internal; DE_KV2_ASET_IVA_Internal; DE_KV3_ASET_IVA_Internal; DE_MEM_ASET_IVA_Internal; DE_MK2POD_ASET_IVA_Internal
On_Aircraft_LIMITED_THRUST,5,10,DE_KV1_ASET_IVA_Internal; DE_KV2_ASET_IVA_Internal; DE_KV3_ASET_IVA_Internal; DE_MEM_ASET_IVA_Internal; DE_MK2POD_ASET_IVA_Internal
OnGIMBAL_LOCKED,5,10,DE_KV1_ASET_IVA_Internal; DE_KV2_ASET_IVA_Internal; DE_KV3_ASET_IVA_Internal; DE_MEM_ASET_IVA_Internal; DE_MK2POD_ASET_IVA_Internal
pb_PITCH_INDICATOR-SHI01,5,6,DE_KV1_ASET_IVA_Internal; DE_KV2_ASET_IVA_Internal; DE_KV3_ASET_IVA_Internal; DE_MEM_ASET_IVA_Internal; DE_MK2POD_ASET_IVA_Internal
pb_ROLL_INDICATOR-SVI01,5,6,DE_KV1_ASET_IVA_Internal; DE_KV2_ASET_IVA_Internal; DE_KV3_ASET_IVA_Internal; DE_MEM_ASET_IVA_Internal; DE_MK2POD_ASET_IVA_Internal
pb_SAS-FT-B2,5,6,DE_KV1_ASET_IVA_Internal; DE_KV2_ASET_IVA_Internal; DE_KV3_ASET_IVA_Internal; DE_MEM_ASET_IVA_Internal; DE_MK2POD_ASET_IVA_Internal
pb_YAW_INDICATOR-SVI01,5,6,DE_KV1_ASET_IVA_Internal; DE_KV2_ASET_IVA_Internal; DE_KV3_ASET_IVA_Internal; DE_MEM_ASET_IVA_Internal; DE_MK2POD_ASET_IVA_Internal
Alarm_Ablation,5,5,DE_KV1_ASET_IVA_Internal; DE_KV2_ASET_IVA_Internal; DE_KV3_ASET_IVA_Internal; DE_MEM_ASET_IVA_Internal; DE_MK2POD_ASET_IVA_Internal
Alarm_GEAR_BROKEN,5,5,DE_KV1_ASET_IVA_Internal; DE_KV2_ASET_IVA_Internal; DE_KV3_ASET_IVA_Internal; DE_MEM_ASET_IVA_Internal; DE_MK2POD_ASET_IVA_Internal
Alarm_HighQ,5,5,DE_KV1_ASET_IVA_Internal; DE_KV2_ASET_IVA_Internal; DE_KV3_ASET_IVA_Internal; DE_MEM_ASET_IVA_Internal; DE_MK2POD_ASET_IVA_Internal
AlarmShieldOverHeat,5,5,DE_KV1_ASET_IVA_Internal; DE_KV2_ASET_IVA_Internal; DE_KV3_ASET_IVA_Internal; DE_MEM_ASET_IVA_Internal; DE_MK2POD_ASET_IVA_Internal
ASET_Internal_EVA_Hatch,5,5,DE_KV1_ASET_IVA_Internal; DE_KV2_ASET_IVA_Internal; DE_KV3_ASET_IVA_Internal; DE_MEM_ASET_IVA_Internal; DE_MK2POD_ASET_IVA_Internal
DigitalIndicator_TWR,5,5,DE_KV1_ASET_IVA_Internal; DE_KV2_ASET_IVA_Internal; DE_KV3_ASET_IVA_Internal; DE_MEM_ASET_IVA_Internal; DE_MK2POD_ASET_IVA_Internal
EPGindicator,5,5,DE_KV1_ASET_IVA_Internal; DE_KV2_ASET_IVA_Internal; DE_KV3_ASET_IVA_Internal; DE_MEM_ASET_IVA_Internal; DE_MK2POD_ASET_IVA_Internal
IndicatorADV_Ablator,5,5,DE_KV1_ASET_IVA_Internal; DE_KV2_ASET_IVA_Internal; DE_KV3_ASET_IVA_Internal; DE_MEM_ASET_IVA_Internal; DE_MK2POD_ASET_IVA_Internal
IndicatorADV_EngineTemp,5,5,DE_KV1_ASET_IVA_Internal; DE_KV2_ASET_IVA_Internal; DE_KV3_ASET_IVA_Internal; DE_MEM_ASET_IVA_Internal; DE_MK2POD_ASET_IVA_Internal
IndicatorADV_ShieldTemp,5,5,DE_KV1_ASET_IVA_Internal; DE_KV2_ASET_IVA_Internal; DE_KV3_ASET_IVA_Internal; DE_MEM_ASET_IVA_Internal; DE_MK2POD_ASET_IVA_Internal
IndicatorADV_THRUST,5,5,DE_KV1_ASET_IVA_Internal; DE_KV2_ASET_IVA_Internal; DE_KV3_ASET_IVA_Internal; DE_MEM_ASET_IVA_Internal; DE_MK2POD_ASET_IVA_Internal
IndicatorADV_THRUSTLIMIT,5,5,DE_KV1_ASET_IVA_Internal; DE_KV2_ASET_IVA_Internal; DE_KV3_ASET_IVA_Internal; DE_MEM_ASET_IVA_Internal; DE_MK2POD_ASET_IVA_Internal
Lable_COMMNET,5,5,DE_KV1_ASET_IVA_Internal; DE_KV2_ASET_IVA_Internal; DE_KV3_ASET_IVA_Internal; DE_MEM_ASET_IVA_Internal; DE_MK2POD_ASET_IVA_Internal
Lable_ENVIRONMENT,5,5,DE_KV1_ASET_IVA_Internal; DE_KV2_ASET_IVA_Internal; DE_KV3_ASET_IVA_Internal; DE_MEM_ASET_IVA_Internal; DE_MK2POD_ASET_IVA_Internal
Lable_EPG,5,5,DE_KV1_ASET_IVA_Internal; DE_KV2_ASET_IVA_Internal; DE_KV3_ASET_IVA_Internal; DE_MEM_ASET_IVA_Internal; DE_MK2POD_ASET_IVA_Internal
Lable_PROTECTION,5,5,DE_KV1_ASET_IVA_Internal; DE_KV2_ASET_IVA_Internal; DE_KV3_ASET_IVA_Internal; DE_MEM_ASET_IVA_Internal; DE_MK2POD_ASET_IVA_Internal
LowOxidizerIndicator,5,5,DE_KV1_ASET_IVA_Internal; DE_KV2_ASET_IVA_Internal; DE_KV3_ASET_IVA_Internal; DE_MEM_ASET_IVA_Internal; DE_MK2POD_ASET_IVA_Internal
LowXenonGasIndicator,5,5,DE_KV1_ASET_IVA_Internal; DE_KV2_ASET_IVA_Internal; DE_KV3_ASET_IVA_Internal; DE_MEM_ASET_IVA_Internal; DE_MK2POD_ASET_IVA_Internal
OnBrakesIndicator,5,5,DE_KV1_ASET_IVA_Internal; DE_KV2_ASET_IVA_Internal; DE_KV3_ASET_IVA_Internal; DE_MEM_ASET_IVA_Internal; DE_MK2POD_ASET_IVA_Internal
onLIGHTIndicator,5,5,DE_KV1_ASET_IVA_Internal; DE_KV2_ASET_IVA_Internal; DE_KV3_ASET_IVA_Internal; DE_MEM_ASET_IVA_Internal; DE_MK2POD_ASET_IVA_Internal
onLLEGSIndicator,5,5,DE_KV1_ASET_IVA_Internal; DE_KV2_ASET_IVA_Internal; DE_KV3_ASET_IVA_Internal; DE_MEM_ASET_IVA_Internal; DE_MK2POD_ASET_IVA_Internal
onRCSIndicator,5,5,DE_KV1_ASET_IVA_Internal; DE_KV2_ASET_IVA_Internal; DE_KV3_ASET_IVA_Internal; DE_MEM_ASET_IVA_Internal; DE_MK2POD_ASET_IVA_Internal
onSASIndicator,5,5,DE_KV1_ASET_IVA_Internal; DE_KV2_ASET_IVA_Internal; DE_KV3_ASET_IVA_Internal; DE_MEM_ASET_IVA_Internal; DE_MK2POD_ASET_IVA_Internal
onStageLockedIndicator,5,5,DE_KV1_ASET_IVA_Internal; DE_KV2_ASET_IVA_Internal; DE_KV3_ASET_IVA_Internal; DE_MEM_ASET_IVA_Internal; DE_MK2POD_ASET_IVA_Internal
pb_CLEAR_MNVR_NODE-F01-B1-G1,5,5,DE_KV1_ASET_IVA_Internal; DE_KV2_ASET_IVA_Internal; DE_KV3_ASET_IVA_Internal; DE_MEM_ASET_IVA_Internal; DE_MK2POD_ASET_IVA_Internal
pb_CLEAR_TARGET-F01-B1-G1,5,5,DE_KV1_ASET_IVA_Internal; DE_KV2_ASET_IVA_Internal; DE_KV3_ASET_IVA_Internal; DE_MEM_ASET_IVA_Internal; DE_MK2POD_ASET_IVA_Internal
pb_ENGINE_GIMBAL-SH01-B6-C2,5,5,DE_KV1_ASET_IVA_Internal; DE_KV2_ASET_IVA_Internal; DE_KV3_ASET_IVA_Internal; DE_MEM_ASET_IVA_Internal; DE_MK2POD_ASET_IVA_Internal
pb_THRTL_CUT-FT-G1,5,5,DE_KV1_ASET_IVA_Internal; DE_KV2_ASET_IVA_Internal; DE_KV3_ASET_IVA_Internal; DE_MEM_ASET_IVA_Internal; DE_MK2POD_ASET_IVA_Internal
pb_THRTL_FULL-FT-G1,5,5,DE_KV1_ASET_IVA_Internal; DE_KV2_ASET_IVA_Internal; DE_KV3_ASET_IVA_Internal; DE_MEM_ASET_IVA_Internal; DE_MK2POD_ASET_IVA_Internal
switchRotary_ResLock,5,5,DE_KV1_ASET_IVA_Internal; DE_KV2_ASET_IVA_Internal; DE_KV3_ASET_IVA_Internal; DE_MEM_ASET_IVA_Internal; DE_MK2POD_ASET_IVA_Internal
swToggleEngines,5,5,DE_KV1_ASET_IVA_Internal; DE_KV2_ASET_IVA_Internal; DE_KV3_ASET_IVA_Internal; DE_MEM_ASET_IVA_Internal; DE_MK2POD_ASET_IVA_Internal
swTumbleEPG,5,5,DE_KV1_ASET_IVA_Internal; DE_KV2_ASET_IVA_Internal; DE_KV3_ASET_IVA_Internal; DE_MEM_ASET_IVA_Internal; DE_MK2POD_ASET_IVA_Internal
tggl_ABORT_T1-G3-B4-C1Y-S,5,5,DE_KV1_ASET_IVA_Internal; DE_KV2_ASET_IVA_Internal; DE_KV3_ASET_IVA_Internal; DE_MEM_ASET_IVA_Internal; DE_MK2POD_ASET_IVA_Internal
VelcroPad,4,13,DE_mk1InlineInternal; DE_mk2CockpitStandardInternals; DE_mk2LanderCanInternal; DE_MK3_Cockpit_Int
CargoBagA,4,9,DE_mk1CockpitInternal; DE_mk1pod_IVA; DE_MK2POD_ASET_IVA_Internal; DE_MK3_Cockpit_Int
ASET_Flashlight,4,4,DE_cupolaInternal; DE_landerCabinSmallInternal; DE_Mk1-3; DE_mk2CockpitStandardInternals
DigitalIndicator_DockingMulti01,4,4,DE_cupolaInternal; DE_Mk1-3; DE_mk2InlineInternal; DE_MK3_Cockpit_Int
On_DOCKPORT_ISREF,4,4,DE_cupolaInternal; DE_Mk1-3; DE_mk2InlineInternal; DE_MK3_Cockpit_Int
onAPPROACHIndicator,4,4,DE_cupolaInternal; DE_Mk1-3; DE_mk2InlineInternal; DE_MK3_Cockpit_Int
onDEAPRTIndicator,4,4,DE_cupolaInternal; DE_Mk1-3; DE_mk2InlineInternal; DE_MK3_Cockpit_Int
OnTGT_DOCKPORT_SELECTED,4,4,DE_cupolaInternal; DE_Mk1-3; DE_mk2InlineInternal; DE_MK3_Cockpit_Int
RCS_Stick_ADV,4,4,DE_MEM_ASET_IVA_Internal; DE_Mk1-3; DE_mk2CockpitStandardInternals; DE_MK2POD_ASET_IVA_Internal
SmallExtinguisher,4,4,DE_cupolaInternal; DE_landerCabinSmallInternal; DE_Mk1-3; DE_mk2CockpitStandardInternals
CargoBagB,3,9,DE_mk1CockpitInternal; DE_MK2POD_ASET_IVA_Internal; DE_MK3_Cockpit_Int
Primitive_BOX_Carbon,3,9,DE_cupolaInternal; DE_Mk1-3; DE_MK3_Cockpit_Int
Seat_Pilot,3,6,DE_mk1CockpitInternal; DE_mk1InlineInternal; DE_MK3_Cockpit_Int
Primitive_BOX_MidGray,3,3,DE_mk1pod_IVA; DE_mk2LanderCanInternal; DE_MK3_Cockpit_Int
RasterPropMonitorBasicHUD,3,3,DE_mk1CockpitInternal; DE_mk1InlineInternal; DE_mk2InlineInternal
switchTumbleClear,2,20,DE_cupolaInternal; DE_landerCabinSmallInternal
SideStick,2,4,DE_mk1CockpitInternal; DE_mk2InlineInternal
Hatch_Plane,2,3,DE_mk1CockpitInternal; DE_mk1InlineInternal
SwitchPanelLong02,2,2,DE_cupolaInternal; DE_landerCabinSmallInternal
DigitalIndicator_MISSION_TIMER_Basic,1,2,DE_MissionControl
Primitive_BOX_DarkGray,1,2,DE_mk2LanderCanInternal
AxisIndicatorPitch,1,1,DE_mk1CockpitInternal
AxisIndicatorRoll,1,1,DE_mk1CockpitInternal
AxisIndicatorYaw,1,1,DE_mk1CockpitInternal
BeveragePackage_OrangeJuice,1,1,DE_cupolaInternal
CargoBagC,1,1,DE_MK3_Cockpit_Int
DigitalIndicator_Multi01,1,1,DE_cupolaInternal
genericClusterSwitches02,1,1,DE_mk1CockpitInternal
Hatch_Plane_Curve90,1,1,DE_mk1CockpitInternal
IndicatorPanel,1,1,DE_mk1CockpitInternal
KanonDSLR600,1,1,DE_cupolaInternal
kOSTerminal,1,1,DE_MissionControl
ledPanelSpeed,1,1,DE_mk1CockpitInternal
MonitorDockingMode,1,1,DE_mk2InlineInternal
NavBall,1,1,DE_mk1CockpitInternal
